image_path,label
C:/Users/Clasp/PycharmProjects/aapi_2025/data/raw/train/homer_simpson (1).jpg,homer_simpson
C:/Users/Clasp/PycharmProjects/aapi_2025/data/raw/train/homer_simpson (10).jpg,homer_simpson
C:/Users/Clasp/PycharmProjects/aapi_2025/data/raw/train/homer_simpson (100).jpg,homer_simpson
C:/Users/Clasp/PycharmProjects/aapi_2025/data/raw/train/homer_simpson (101).jpg,homer_simpson
C:/Users/Clasp/PycharmProjects/aapi_2025/data/raw/train/homer_simpson (102).jpg,homer_simpson
C:/Users/Clasp/PycharmProjects/aapi_2025/data/raw/train/homer_simpson (103).jpg,homer_simpson
C:/Users/Clasp/PycharmProjects/aapi_2025/data/raw/train/homer_simpson (104).jpg,homer_simpson
C:/Users/Clasp/PycharmProjects/aapi_2025/data/raw/train/homer_simpson (105).jpg,homer_simpson
C:/Users/Clasp/PycharmProjects/aapi_2025/data/raw/train/homer_simpson (106).jpg,homer_simpson
C:/Users/Clasp/PycharmProjects/aapi_2025/data/raw/train/homer_simpson (107).jpg,homer_simpson
C:/Users/Clasp/PycharmProjects/aapi_2025/data/raw/train/homer_simpson (108).jpg,homer_simpson
C:/Users/Clasp/PycharmProjects/aapi_2025/data/raw/train/homer_simpson (109).jpg,homer_simpson
C:/Users/Clasp/PycharmProjects/aapi_2025/data/raw/train/homer_simpson (11).jpg,homer_simpson
C:/Users/Clasp/PycharmProjects/aapi_2025/data/raw/train/homer_simpson (110).jpg,homer_simpson
C:/Users/Clasp/PycharmProjects/aapi_2025/data/raw/train/homer_simpson (111).jpg,homer_simpson
C:/Users/Clasp/PycharmProjects/aapi_2025/data/raw/train/homer_simpson (112).jpg,homer_simpson
C:/Users/Clasp/PycharmProjects/aapi_2025/data/raw/train/homer_simpson (113).jpg,homer_simpson
C:/Users/Clasp/PycharmProjects/aapi_2025/data/raw/train/homer_simpson (114).jpg,homer_simpson
C:/Users/Clasp/PycharmProjects/aapi_2025/data/raw/train/homer_simpson (115).jpg,homer_simpson
C:/Users/Clasp/PycharmProjects/aapi_2025/data/raw/train/homer_simpson (116).jpg,homer_simpson
C:/Users/Clasp/PycharmProjects/aapi_2025/data/raw/train/homer_simpson (117).jpg,homer_simpson
C:/Users/Clasp/PycharmProjects/aapi_2025/data/raw/train/homer_simpson (118).jpg,homer_simpson
C:/Users/Clasp/PycharmProjects/aapi_2025/data/raw/train/homer_simpson (119).jpg,homer_simpson
C:/Users/Clasp/PycharmProjects/aapi_2025/data/raw/train/homer_simpson (12).jpg,homer_simpson
C:/Users/Clasp/PycharmProjects/aapi_2025/data/raw/train/homer_simpson (120).jpg,homer_simpson
C:/Users/Clasp/PycharmProjects/aapi_2025/data/raw/train/homer_simpson (121).jpg,homer_simpson
C:/Users/Clasp/PycharmProjects/aapi_2025/data/raw/train/homer_simpson (122).jpg,homer_simpson
C:/Users/Clasp/PycharmProjects/aapi_2025/data/raw/train/homer_simpson (123).jpg,homer_simpson
C:/Users/Clasp/PycharmProjects/aapi_2025/data/raw/train/homer_simpson (124).jpg,homer_simpson
C:/Users/Clasp/PycharmProjects/aapi_2025/data/raw/train/homer_simpson (125).jpg,homer_simpson
C:/Users/Clasp/PycharmProjects/aapi_2025/data/raw/train/homer_simpson (126).jpg,homer_simpson
C:/Users/Clasp/PycharmProjects/aapi_2025/data/raw/train/homer_simpson (127).jpg,homer_simpson
C:/Users/Clasp/PycharmProjects/aapi_2025/data/raw/train/homer_simpson (128).jpg,homer_simpson
C:/Users/Clasp/PycharmProjects/aapi_2025/data/raw/train/homer_simpson (129).jpg,homer_simpson
C:/Users/Clasp/PycharmProjects/aapi_2025/data/raw/train/homer_simpson (13).jpg,homer_simpson
C:/Users/Clasp/PycharmProjects/aapi_2025/data/raw/train/homer_simpson (130).jpg,homer_simpson
C:/Users/Clasp/PycharmProjects/aapi_2025/data/raw/train/homer_simpson (131).jpg,homer_simpson
C:/Users/Clasp/PycharmProjects/aapi_2025/data/raw/train/homer_simpson (132).jpg,homer_simpson
C:/Users/Clasp/PycharmProjects/aapi_2025/data/raw/train/homer_simpson (133).jpg,homer_simpson
C:/Users/Clasp/PycharmProjects/aapi_2025/data/raw/train/homer_simpson (134).jpg,homer_simpson
C:/Users/Clasp/PycharmProjects/aapi_2025/data/raw/train/homer_simpson (135).jpg,homer_simpson
C:/Users/Clasp/PycharmProjects/aapi_2025/data/raw/train/homer_simpson (14).jpg,homer_simpson
C:/Users/Clasp/PycharmProjects/aapi_2025/data/raw/train/homer_simpson (15).jpg,homer_simpson
C:/Users/Clasp/PycharmProjects/aapi_2025/data/raw/train/homer_simpson (16).jpg,homer_simpson
C:/Users/Clasp/PycharmProjects/aapi_2025/data/raw/train/homer_simpson (17).jpg,homer_simpson
C:/Users/Clasp/PycharmProjects/aapi_2025/data/raw/train/homer_simpson (18).jpg,homer_simpson
C:/Users/Clasp/PycharmProjects/aapi_2025/data/raw/train/homer_simpson (19).jpg,homer_simpson
C:/Users/Clasp/PycharmProjects/aapi_2025/data/raw/train/homer_simpson (2).jpg,homer_simpson
C:/Users/Clasp/PycharmProjects/aapi_2025/data/raw/train/homer_simpson (20).jpg,homer_simpson
C:/Users/Clasp/PycharmProjects/aapi_2025/data/raw/train/homer_simpson (21).jpg,homer_simpson
C:/Users/Clasp/PycharmProjects/aapi_2025/data/raw/train/homer_simpson (22).jpg,homer_simpson
C:/Users/Clasp/PycharmProjects/aapi_2025/data/raw/train/homer_simpson (23).jpg,homer_simpson
C:/Users/Clasp/PycharmProjects/aapi_2025/data/raw/train/homer_simpson (24).jpg,homer_simpson
C:/Users/Clasp/PycharmProjects/aapi_2025/data/raw/train/homer_simpson (25).jpg,homer_simpson
C:/Users/Clasp/PycharmProjects/aapi_2025/data/raw/train/homer_simpson (26).jpg,homer_simpson
C:/Users/Clasp/PycharmProjects/aapi_2025/data/raw/train/homer_simpson (27).jpg,homer_simpson
C:/Users/Clasp/PycharmProjects/aapi_2025/data/raw/train/homer_simpson (28).jpg,homer_simpson
C:/Users/Clasp/PycharmProjects/aapi_2025/data/raw/train/homer_simpson (29).jpg,homer_simpson
C:/Users/Clasp/PycharmProjects/aapi_2025/data/raw/train/homer_simpson (3).jpg,homer_simpson
C:/Users/Clasp/PycharmProjects/aapi_2025/data/raw/train/homer_simpson (30).jpg,homer_simpson
C:/Users/Clasp/PycharmProjects/aapi_2025/data/raw/train/homer_simpson (31).jpg,homer_simpson
C:/Users/Clasp/PycharmProjects/aapi_2025/data/raw/train/homer_simpson (32).jpg,homer_simpson
C:/Users/Clasp/PycharmProjects/aapi_2025/data/raw/train/homer_simpson (33).jpg,homer_simpson
C:/Users/Clasp/PycharmProjects/aapi_2025/data/raw/train/homer_simpson (34).jpg,homer_simpson
C:/Users/Clasp/PycharmProjects/aapi_2025/data/raw/train/homer_simpson (35).jpg,homer_simpson
C:/Users/Clasp/PycharmProjects/aapi_2025/data/raw/train/homer_simpson (36).jpg,homer_simpson
C:/Users/Clasp/PycharmProjects/aapi_2025/data/raw/train/homer_simpson (37).jpg,homer_simpson
C:/Users/Clasp/PycharmProjects/aapi_2025/data/raw/train/homer_simpson (38).jpg,homer_simpson
C:/Users/Clasp/PycharmProjects/aapi_2025/data/raw/train/homer_simpson (39).jpg,homer_simpson
C:/Users/Clasp/PycharmProjects/aapi_2025/data/raw/train/homer_simpson (4).jpg,homer_simpson
C:/Users/Clasp/PycharmProjects/aapi_2025/data/raw/train/homer_simpson (40).jpg,homer_simpson
C:/Users/Clasp/PycharmProjects/aapi_2025/data/raw/train/homer_simpson (41).jpg,homer_simpson
C:/Users/Clasp/PycharmProjects/aapi_2025/data/raw/train/homer_simpson (42).jpg,homer_simpson
C:/Users/Clasp/PycharmProjects/aapi_2025/data/raw/train/homer_simpson (43).jpg,homer_simpson
C:/Users/Clasp/PycharmProjects/aapi_2025/data/raw/train/homer_simpson (44).jpg,homer_simpson
C:/Users/Clasp/PycharmProjects/aapi_2025/data/raw/train/homer_simpson (45).jpg,homer_simpson
C:/Users/Clasp/PycharmProjects/aapi_2025/data/raw/train/homer_simpson (46).jpg,homer_simpson
C:/Users/Clasp/PycharmProjects/aapi_2025/data/raw/train/homer_simpson (47).jpg,homer_simpson
C:/Users/Clasp/PycharmProjects/aapi_2025/data/raw/train/homer_simpson (48).jpg,homer_simpson
C:/Users/Clasp/PycharmProjects/aapi_2025/data/raw/train/homer_simpson (49).jpg,homer_simpson
C:/Users/Clasp/PycharmProjects/aapi_2025/data/raw/train/homer_simpson (5).jpg,homer_simpson
C:/Users/Clasp/PycharmProjects/aapi_2025/data/raw/train/homer_simpson (50).jpg,homer_simpson
C:/Users/Clasp/PycharmProjects/aapi_2025/data/raw/train/homer_simpson (51).jpg,homer_simpson
C:/Users/Clasp/PycharmProjects/aapi_2025/data/raw/train/homer_simpson (52).jpg,homer_simpson
C:/Users/Clasp/PycharmProjects/aapi_2025/data/raw/train/homer_simpson (53).jpg,homer_simpson
C:/Users/Clasp/PycharmProjects/aapi_2025/data/raw/train/homer_simpson (54).jpg,homer_simpson
C:/Users/Clasp/PycharmProjects/aapi_2025/data/raw/train/homer_simpson (55).jpg,homer_simpson
C:/Users/Clasp/PycharmProjects/aapi_2025/data/raw/train/homer_simpson (56).jpg,homer_simpson
C:/Users/Clasp/PycharmProjects/aapi_2025/data/raw/train/homer_simpson (57).jpg,homer_simpson
C:/Users/Clasp/PycharmProjects/aapi_2025/data/raw/train/homer_simpson (58).jpg,homer_simpson
C:/Users/Clasp/PycharmProjects/aapi_2025/data/raw/train/homer_simpson (59).jpg,homer_simpson
C:/Users/Clasp/PycharmProjects/aapi_2025/data/raw/train/homer_simpson (6).jpg,homer_simpson
C:/Users/Clasp/PycharmProjects/aapi_2025/data/raw/train/homer_simpson (60).jpg,homer_simpson
C:/Users/Clasp/PycharmProjects/aapi_2025/data/raw/train/homer_simpson (61).jpg,homer_simpson
C:/Users/Clasp/PycharmProjects/aapi_2025/data/raw/train/homer_simpson (62).jpg,homer_simpson
C:/Users/Clasp/PycharmProjects/aapi_2025/data/raw/train/homer_simpson (63).jpg,homer_simpson
C:/Users/Clasp/PycharmProjects/aapi_2025/data/raw/train/homer_simpson (64).jpg,homer_simpson
C:/Users/Clasp/PycharmProjects/aapi_2025/data/raw/train/homer_simpson (65).jpg,homer_simpson
C:/Users/Clasp/PycharmProjects/aapi_2025/data/raw/train/homer_simpson (66).jpg,homer_simpson
C:/Users/Clasp/PycharmProjects/aapi_2025/data/raw/train/homer_simpson (67).jpg,homer_simpson
C:/Users/Clasp/PycharmProjects/aapi_2025/data/raw/train/homer_simpson (68).jpg,homer_simpson
C:/Users/Clasp/PycharmProjects/aapi_2025/data/raw/train/homer_simpson (69).jpg,homer_simpson
C:/Users/Clasp/PycharmProjects/aapi_2025/data/raw/train/homer_simpson (7).jpg,homer_simpson
C:/Users/Clasp/PycharmProjects/aapi_2025/data/raw/train/homer_simpson (70).jpg,homer_simpson
C:/Users/Clasp/PycharmProjects/aapi_2025/data/raw/train/homer_simpson (71).jpg,homer_simpson
C:/Users/Clasp/PycharmProjects/aapi_2025/data/raw/train/homer_simpson (72).jpg,homer_simpson
C:/Users/Clasp/PycharmProjects/aapi_2025/data/raw/train/homer_simpson (73).jpg,homer_simpson
C:/Users/Clasp/PycharmProjects/aapi_2025/data/raw/train/homer_simpson (74).jpg,homer_simpson
C:/Users/Clasp/PycharmProjects/aapi_2025/data/raw/train/homer_simpson (75).jpg,homer_simpson
C:/Users/Clasp/PycharmProjects/aapi_2025/data/raw/train/homer_simpson (76).jpg,homer_simpson
C:/Users/Clasp/PycharmProjects/aapi_2025/data/raw/train/homer_simpson (77).jpg,homer_simpson
C:/Users/Clasp/PycharmProjects/aapi_2025/data/raw/train/homer_simpson (78).jpg,homer_simpson
C:/Users/Clasp/PycharmProjects/aapi_2025/data/raw/train/homer_simpson (79).jpg,homer_simpson
C:/Users/Clasp/PycharmProjects/aapi_2025/data/raw/train/homer_simpson (8).jpg,homer_simpson
C:/Users/Clasp/PycharmProjects/aapi_2025/data/raw/train/homer_simpson (80).jpg,homer_simpson
C:/Users/Clasp/PycharmProjects/aapi_2025/data/raw/train/homer_simpson (81).jpg,homer_simpson
C:/Users/Clasp/PycharmProjects/aapi_2025/data/raw/train/homer_simpson (82).jpg,homer_simpson
C:/Users/Clasp/PycharmProjects/aapi_2025/data/raw/train/homer_simpson (83).jpg,homer_simpson
C:/Users/Clasp/PycharmProjects/aapi_2025/data/raw/train/homer_simpson (84).jpg,homer_simpson
C:/Users/Clasp/PycharmProjects/aapi_2025/data/raw/train/homer_simpson (85).jpg,homer_simpson
C:/Users/Clasp/PycharmProjects/aapi_2025/data/raw/train/homer_simpson (86).jpg,homer_simpson
C:/Users/Clasp/PycharmProjects/aapi_2025/data/raw/train/homer_simpson (87).jpg,homer_simpson
C:/Users/Clasp/PycharmProjects/aapi_2025/data/raw/train/homer_simpson (88).jpg,homer_simpson
C:/Users/Clasp/PycharmProjects/aapi_2025/data/raw/train/homer_simpson (89).jpg,homer_simpson
C:/Users/Clasp/PycharmProjects/aapi_2025/data/raw/train/homer_simpson (9).jpg,homer_simpson
C:/Users/Clasp/PycharmProjects/aapi_2025/data/raw/train/homer_simpson (90).jpg,homer_simpson
C:/Users/Clasp/PycharmProjects/aapi_2025/data/raw/train/homer_simpson (91).jpg,homer_simpson
C:/Users/Clasp/PycharmProjects/aapi_2025/data/raw/train/homer_simpson (92).jpg,homer_simpson
C:/Users/Clasp/PycharmProjects/aapi_2025/data/raw/train/homer_simpson (93).jpg,homer_simpson
C:/Users/Clasp/PycharmProjects/aapi_2025/data/raw/train/homer_simpson (94).jpg,homer_simpson
C:/Users/Clasp/PycharmProjects/aapi_2025/data/raw/train/homer_simpson (95).jpg,homer_simpson
C:/Users/Clasp/PycharmProjects/aapi_2025/data/raw/train/homer_simpson (96).jpg,homer_simpson
C:/Users/Clasp/PycharmProjects/aapi_2025/data/raw/train/homer_simpson (97).jpg,homer_simpson
C:/Users/Clasp/PycharmProjects/aapi_2025/data/raw/train/homer_simpson (98).jpg,homer_simpson
C:/Users/Clasp/PycharmProjects/aapi_2025/data/raw/train/homer_simpson (99).jpg,homer_simpson
C:/Users/Clasp/PycharmProjects/aapi_2025/data/raw/train/lisa_simpson (1).jpg,lisa_simpson
C:/Users/Clasp/PycharmProjects/aapi_2025/data/raw/train/lisa_simpson (10).jpg,lisa_simpson
C:/Users/Clasp/PycharmProjects/aapi_2025/data/raw/train/lisa_simpson (100).jpg,lisa_simpson
C:/Users/Clasp/PycharmProjects/aapi_2025/data/raw/train/lisa_simpson (101).jpg,lisa_simpson
C:/Users/Clasp/PycharmProjects/aapi_2025/data/raw/train/lisa_simpson (102).jpg,lisa_simpson
C:/Users/Clasp/PycharmProjects/aapi_2025/data/raw/train/lisa_simpson (103).jpg,lisa_simpson
C:/Users/Clasp/PycharmProjects/aapi_2025/data/raw/train/lisa_simpson (104).jpg,lisa_simpson
C:/Users/Clasp/PycharmProjects/aapi_2025/data/raw/train/lisa_simpson (105).jpg,lisa_simpson
C:/Users/Clasp/PycharmProjects/aapi_2025/data/raw/train/lisa_simpson (106).jpg,lisa_simpson
C:/Users/Clasp/PycharmProjects/aapi_2025/data/raw/train/lisa_simpson (107).jpg,lisa_simpson
C:/Users/Clasp/PycharmProjects/aapi_2025/data/raw/train/lisa_simpson (108).jpg,lisa_simpson
C:/Users/Clasp/PycharmProjects/aapi_2025/data/raw/train/lisa_simpson (109).jpg,lisa_simpson
C:/Users/Clasp/PycharmProjects/aapi_2025/data/raw/train/lisa_simpson (11).jpg,lisa_simpson
C:/Users/Clasp/PycharmProjects/aapi_2025/data/raw/train/lisa_simpson (110).jpg,lisa_simpson
C:/Users/Clasp/PycharmProjects/aapi_2025/data/raw/train/lisa_simpson (111).jpg,lisa_simpson
C:/Users/Clasp/PycharmProjects/aapi_2025/data/raw/train/lisa_simpson (112).jpg,lisa_simpson
C:/Users/Clasp/PycharmProjects/aapi_2025/data/raw/train/lisa_simpson (113).jpg,lisa_simpson
C:/Users/Clasp/PycharmProjects/aapi_2025/data/raw/train/lisa_simpson (114).jpg,lisa_simpson
C:/Users/Clasp/PycharmProjects/aapi_2025/data/raw/train/lisa_simpson (115).jpg,lisa_simpson
C:/Users/Clasp/PycharmProjects/aapi_2025/data/raw/train/lisa_simpson (116).jpg,lisa_simpson
C:/Users/Clasp/PycharmProjects/aapi_2025/data/raw/train/lisa_simpson (117).jpg,lisa_simpson
C:/Users/Clasp/PycharmProjects/aapi_2025/data/raw/train/lisa_simpson (118).jpg,lisa_simpson
C:/Users/Clasp/PycharmProjects/aapi_2025/data/raw/train/lisa_simpson (119).jpg,lisa_simpson
C:/Users/Clasp/PycharmProjects/aapi_2025/data/raw/train/lisa_simpson (12).jpg,lisa_simpson
C:/Users/Clasp/PycharmProjects/aapi_2025/data/raw/train/lisa_simpson (120).jpg,lisa_simpson
C:/Users/Clasp/PycharmProjects/aapi_2025/data/raw/train/lisa_simpson (121).jpg,lisa_simpson
C:/Users/Clasp/PycharmProjects/aapi_2025/data/raw/train/lisa_simpson (122).jpg,lisa_simpson
C:/Users/Clasp/PycharmProjects/aapi_2025/data/raw/train/lisa_simpson (123).jpg,lisa_simpson
C:/Users/Clasp/PycharmProjects/aapi_2025/data/raw/train/lisa_simpson (124).jpg,lisa_simpson
C:/Users/Clasp/PycharmProjects/aapi_2025/data/raw/train/lisa_simpson (125).jpg,lisa_simpson
C:/Users/Clasp/PycharmProjects/aapi_2025/data/raw/train/lisa_simpson (13).jpg,lisa_simpson
C:/Users/Clasp/PycharmProjects/aapi_2025/data/raw/train/lisa_simpson (14).jpg,lisa_simpson
C:/Users/Clasp/PycharmProjects/aapi_2025/data/raw/train/lisa_simpson (15).jpg,lisa_simpson
C:/Users/Clasp/PycharmProjects/aapi_2025/data/raw/train/lisa_simpson (16).jpg,lisa_simpson
C:/Users/Clasp/PycharmProjects/aapi_2025/data/raw/train/lisa_simpson (17).jpg,lisa_simpson
C:/Users/Clasp/PycharmProjects/aapi_2025/data/raw/train/lisa_simpson (18).jpg,lisa_simpson
C:/Users/Clasp/PycharmProjects/aapi_2025/data/raw/train/lisa_simpson (19).jpg,lisa_simpson
C:/Users/Clasp/PycharmProjects/aapi_2025/data/raw/train/lisa_simpson (2).jpg,lisa_simpson
C:/Users/Clasp/PycharmProjects/aapi_2025/data/raw/train/lisa_simpson (20).jpg,lisa_simpson
C:/Users/Clasp/PycharmProjects/aapi_2025/data/raw/train/lisa_simpson (21).jpg,lisa_simpson
C:/Users/Clasp/PycharmProjects/aapi_2025/data/raw/train/lisa_simpson (22).jpg,lisa_simpson
C:/Users/Clasp/PycharmProjects/aapi_2025/data/raw/train/lisa_simpson (23).jpg,lisa_simpson
C:/Users/Clasp/PycharmProjects/aapi_2025/data/raw/train/lisa_simpson (24).jpg,lisa_simpson
C:/Users/Clasp/PycharmProjects/aapi_2025/data/raw/train/lisa_simpson (25).jpg,lisa_simpson
C:/Users/Clasp/PycharmProjects/aapi_2025/data/raw/train/lisa_simpson (26).jpg,lisa_simpson
C:/Users/Clasp/PycharmProjects/aapi_2025/data/raw/train/lisa_simpson (27).jpg,lisa_simpson
C:/Users/Clasp/PycharmProjects/aapi_2025/data/raw/train/lisa_simpson (28).jpg,lisa_simpson
C:/Users/Clasp/PycharmProjects/aapi_2025/data/raw/train/lisa_simpson (29).jpg,lisa_simpson
C:/Users/Clasp/PycharmProjects/aapi_2025/data/raw/train/lisa_simpson (3).jpg,lisa_simpson
C:/Users/Clasp/PycharmProjects/aapi_2025/data/raw/train/lisa_simpson (30).jpg,lisa_simpson
C:/Users/Clasp/PycharmProjects/aapi_2025/data/raw/train/lisa_simpson (31).jpg,lisa_simpson
C:/Users/Clasp/PycharmProjects/aapi_2025/data/raw/train/lisa_simpson (32).jpg,lisa_simpson
C:/Users/Clasp/PycharmProjects/aapi_2025/data/raw/train/lisa_simpson (33).jpg,lisa_simpson
C:/Users/Clasp/PycharmProjects/aapi_2025/data/raw/train/lisa_simpson (34).jpg,lisa_simpson
C:/Users/Clasp/PycharmProjects/aapi_2025/data/raw/train/lisa_simpson (35).jpg,lisa_simpson
C:/Users/Clasp/PycharmProjects/aapi_2025/data/raw/train/lisa_simpson (36).jpg,lisa_simpson
C:/Users/Clasp/PycharmProjects/aapi_2025/data/raw/train/lisa_simpson (37).jpg,lisa_simpson
C:/Users/Clasp/PycharmProjects/aapi_2025/data/raw/train/lisa_simpson (38).jpg,lisa_simpson
C:/Users/Clasp/PycharmProjects/aapi_2025/data/raw/train/lisa_simpson (39).jpg,lisa_simpson
C:/Users/Clasp/PycharmProjects/aapi_2025/data/raw/train/lisa_simpson (4).jpg,lisa_simpson
C:/Users/Clasp/PycharmProjects/aapi_2025/data/raw/train/lisa_simpson (40).jpg,lisa_simpson
C:/Users/Clasp/PycharmProjects/aapi_2025/data/raw/train/lisa_simpson (41).jpg,lisa_simpson
C:/Users/Clasp/PycharmProjects/aapi_2025/data/raw/train/lisa_simpson (42).jpg,lisa_simpson
C:/Users/Clasp/PycharmProjects/aapi_2025/data/raw/train/lisa_simpson (43).jpg,lisa_simpson
C:/Users/Clasp/PycharmProjects/aapi_2025/data/raw/train/lisa_simpson (44).jpg,lisa_simpson
C:/Users/Clasp/PycharmProjects/aapi_2025/data/raw/train/lisa_simpson (45).jpg,lisa_simpson
C:/Users/Clasp/PycharmProjects/aapi_2025/data/raw/train/lisa_simpson (46).jpg,lisa_simpson
C:/Users/Clasp/PycharmProjects/aapi_2025/data/raw/train/lisa_simpson (47).jpg,lisa_simpson
C:/Users/Clasp/PycharmProjects/aapi_2025/data/raw/train/lisa_simpson (48).jpg,lisa_simpson
C:/Users/Clasp/PycharmProjects/aapi_2025/data/raw/train/lisa_simpson (49).jpg,lisa_simpson
C:/Users/Clasp/PycharmProjects/aapi_2025/data/raw/train/lisa_simpson (5).jpg,lisa_simpson
C:/Users/Clasp/PycharmProjects/aapi_2025/data/raw/train/lisa_simpson (50).jpg,lisa_simpson
C:/Users/Clasp/PycharmProjects/aapi_2025/data/raw/train/lisa_simpson (51).jpg,lisa_simpson
C:/Users/Clasp/PycharmProjects/aapi_2025/data/raw/train/lisa_simpson (52).jpg,lisa_simpson
C:/Users/Clasp/PycharmProjects/aapi_2025/data/raw/train/lisa_simpson (53).jpg,lisa_simpson
C:/Users/Clasp/PycharmProjects/aapi_2025/data/raw/train/lisa_simpson (54).jpg,lisa_simpson
C:/Users/Clasp/PycharmProjects/aapi_2025/data/raw/train/lisa_simpson (55).jpg,lisa_simpson
C:/Users/Clasp/PycharmProjects/aapi_2025/data/raw/train/lisa_simpson (56).jpg,lisa_simpson
C:/Users/Clasp/PycharmProjects/aapi_2025/data/raw/train/lisa_simpson (57).jpg,lisa_simpson
C:/Users/Clasp/PycharmProjects/aapi_2025/data/raw/train/lisa_simpson (58).jpg,lisa_simpson
C:/Users/Clasp/PycharmProjects/aapi_2025/data/raw/train/lisa_simpson (59).jpg,lisa_simpson
C:/Users/Clasp/PycharmProjects/aapi_2025/data/raw/train/lisa_simpson (6).jpg,lisa_simpson
C:/Users/Clasp/PycharmProjects/aapi_2025/data/raw/train/lisa_simpson (60).jpg,lisa_simpson
C:/Users/Clasp/PycharmProjects/aapi_2025/data/raw/train/lisa_simpson (61).jpg,lisa_simpson
C:/Users/Clasp/PycharmProjects/aapi_2025/data/raw/train/lisa_simpson (62).jpg,lisa_simpson
C:/Users/Clasp/PycharmProjects/aapi_2025/data/raw/train/lisa_simpson (63).jpg,lisa_simpson
C:/Users/Clasp/PycharmProjects/aapi_2025/data/raw/train/lisa_simpson (64).jpg,lisa_simpson
C:/Users/Clasp/PycharmProjects/aapi_2025/data/raw/train/lisa_simpson (65).jpg,lisa_simpson
C:/Users/Clasp/PycharmProjects/aapi_2025/data/raw/train/lisa_simpson (66).jpg,lisa_simpson
C:/Users/Clasp/PycharmProjects/aapi_2025/data/raw/train/lisa_simpson (67).jpg,lisa_simpson
C:/Users/Clasp/PycharmProjects/aapi_2025/data/raw/train/lisa_simpson (68).jpg,lisa_simpson
C:/Users/Clasp/PycharmProjects/aapi_2025/data/raw/train/lisa_simpson (69).jpg,lisa_simpson
C:/Users/Clasp/PycharmProjects/aapi_2025/data/raw/train/lisa_simpson (7).jpg,lisa_simpson
C:/Users/Clasp/PycharmProjects/aapi_2025/data/raw/train/lisa_simpson (70).jpg,lisa_simpson
C:/Users/Clasp/PycharmProjects/aapi_2025/data/raw/train/lisa_simpson (71).jpg,lisa_simpson
C:/Users/Clasp/PycharmProjects/aapi_2025/data/raw/train/lisa_simpson (72).jpg,lisa_simpson
C:/Users/Clasp/PycharmProjects/aapi_2025/data/raw/train/lisa_simpson (73).jpg,lisa_simpson
C:/Users/Clasp/PycharmProjects/aapi_2025/data/raw/train/lisa_simpson (74).jpg,lisa_simpson
C:/Users/Clasp/PycharmProjects/aapi_2025/data/raw/train/lisa_simpson (75).jpg,lisa_simpson
C:/Users/Clasp/PycharmProjects/aapi_2025/data/raw/train/lisa_simpson (76).jpg,lisa_simpson
C:/Users/Clasp/PycharmProjects/aapi_2025/data/raw/train/lisa_simpson (77).jpg,lisa_simpson
C:/Users/Clasp/PycharmProjects/aapi_2025/data/raw/train/lisa_simpson (78).jpg,lisa_simpson
C:/Users/Clasp/PycharmProjects/aapi_2025/data/raw/train/lisa_simpson (79).jpg,lisa_simpson
C:/Users/Clasp/PycharmProjects/aapi_2025/data/raw/train/lisa_simpson (8).jpg,lisa_simpson
C:/Users/Clasp/PycharmProjects/aapi_2025/data/raw/train/lisa_simpson (80).jpg,lisa_simpson
C:/Users/Clasp/PycharmProjects/aapi_2025/data/raw/train/lisa_simpson (81).jpg,lisa_simpson
C:/Users/Clasp/PycharmProjects/aapi_2025/data/raw/train/lisa_simpson (82).jpg,lisa_simpson
C:/Users/Clasp/PycharmProjects/aapi_2025/data/raw/train/lisa_simpson (83).jpg,lisa_simpson
C:/Users/Clasp/PycharmProjects/aapi_2025/data/raw/train/lisa_simpson (84).jpg,lisa_simpson
C:/Users/Clasp/PycharmProjects/aapi_2025/data/raw/train/lisa_simpson (85).jpg,lisa_simpson
C:/Users/Clasp/PycharmProjects/aapi_2025/data/raw/train/lisa_simpson (86).jpg,lisa_simpson
C:/Users/Clasp/PycharmProjects/aapi_2025/data/raw/train/lisa_simpson (87).jpg,lisa_simpson
C:/Users/Clasp/PycharmProjects/aapi_2025/data/raw/train/lisa_simpson (88).jpg,lisa_simpson
C:/Users/Clasp/PycharmProjects/aapi_2025/data/raw/train/lisa_simpson (89).jpg,lisa_simpson
C:/Users/Clasp/PycharmProjects/aapi_2025/data/raw/train/lisa_simpson (9).jpg,lisa_simpson
C:/Users/Clasp/PycharmProjects/aapi_2025/data/raw/train/lisa_simpson (90).jpg,lisa_simpson
C:/Users/Clasp/PycharmProjects/aapi_2025/data/raw/train/lisa_simpson (91).jpg,lisa_simpson
C:/Users/Clasp/PycharmProjects/aapi_2025/data/raw/train/lisa_simpson (92).jpg,lisa_simpson
C:/Users/Clasp/PycharmProjects/aapi_2025/data/raw/train/lisa_simpson (93).jpg,lisa_simpson
C:/Users/Clasp/PycharmProjects/aapi_2025/data/raw/train/lisa_simpson (94).jpg,lisa_simpson
C:/Users/Clasp/PycharmProjects/aapi_2025/data/raw/train/lisa_simpson (95).jpg,lisa_simpson
C:/Users/Clasp/PycharmProjects/aapi_2025/data/raw/train/lisa_simpson (96).jpg,lisa_simpson
C:/Users/Clasp/PycharmProjects/aapi_2025/data/raw/train/lisa_simpson (97).jpg,lisa_simpson
C:/Users/Clasp/PycharmProjects/aapi_2025/data/raw/train/lisa_simpson (98).jpg,lisa_simpson
C:/Users/Clasp/PycharmProjects/aapi_2025/data/raw/train/lisa_simpson (99).jpg,lisa_simpson
C:/Users/Clasp/PycharmProjects/aapi_2025/data/raw/train/marge_simpson (1).jpg,marge_simpson
C:/Users/Clasp/PycharmProjects/aapi_2025/data/raw/train/marge_simpson (10).jpg,marge_simpson
C:/Users/Clasp/PycharmProjects/aapi_2025/data/raw/train/marge_simpson (100).jpg,marge_simpson
C:/Users/Clasp/PycharmProjects/aapi_2025/data/raw/train/marge_simpson (101).jpg,marge_simpson
C:/Users/Clasp/PycharmProjects/aapi_2025/data/raw/train/marge_simpson (102).jpg,marge_simpson
C:/Users/Clasp/PycharmProjects/aapi_2025/data/raw/train/marge_simpson (103).jpg,marge_simpson
C:/Users/Clasp/PycharmProjects/aapi_2025/data/raw/train/marge_simpson (104).jpg,marge_simpson
C:/Users/Clasp/PycharmProjects/aapi_2025/data/raw/train/marge_simpson (105).jpg,marge_simpson
C:/Users/Clasp/PycharmProjects/aapi_2025/data/raw/train/marge_simpson (106).jpg,marge_simpson
C:/Users/Clasp/PycharmProjects/aapi_2025/data/raw/train/marge_simpson (107).jpg,marge_simpson
C:/Users/Clasp/PycharmProjects/aapi_2025/data/raw/train/marge_simpson (109).jpg,marge_simpson
C:/Users/Clasp/PycharmProjects/aapi_2025/data/raw/train/marge_simpson (11).jpg,marge_simpson
C:/Users/Clasp/PycharmProjects/aapi_2025/data/raw/train/marge_simpson (110).jpg,marge_simpson
C:/Users/Clasp/PycharmProjects/aapi_2025/data/raw/train/marge_simpson (111).jpg,marge_simpson
C:/Users/Clasp/PycharmProjects/aapi_2025/data/raw/train/marge_simpson (112).jpg,marge_simpson
C:/Users/Clasp/PycharmProjects/aapi_2025/data/raw/train/marge_simpson (113).jpg,marge_simpson
C:/Users/Clasp/PycharmProjects/aapi_2025/data/raw/train/marge_simpson (114).jpg,marge_simpson
C:/Users/Clasp/PycharmProjects/aapi_2025/data/raw/train/marge_simpson (115).jpg,marge_simpson
C:/Users/Clasp/PycharmProjects/aapi_2025/data/raw/train/marge_simpson (116).jpg,marge_simpson
C:/Users/Clasp/PycharmProjects/aapi_2025/data/raw/train/marge_simpson (117).jpg,marge_simpson
C:/Users/Clasp/PycharmProjects/aapi_2025/data/raw/train/marge_simpson (118).jpg,marge_simpson
C:/Users/Clasp/PycharmProjects/aapi_2025/data/raw/train/marge_simpson (119).jpg,marge_simpson
C:/Users/Clasp/PycharmProjects/aapi_2025/data/raw/train/marge_simpson (12).jpg,marge_simpson
C:/Users/Clasp/PycharmProjects/aapi_2025/data/raw/train/marge_simpson (120).jpg,marge_simpson
C:/Users/Clasp/PycharmProjects/aapi_2025/data/raw/train/marge_simpson (121).jpg,marge_simpson
C:/Users/Clasp/PycharmProjects/aapi_2025/data/raw/train/marge_simpson (122).jpg,marge_simpson
C:/Users/Clasp/PycharmProjects/aapi_2025/data/raw/train/marge_simpson (123).jpg,marge_simpson
C:/Users/Clasp/PycharmProjects/aapi_2025/data/raw/train/marge_simpson (124).jpg,marge_simpson
C:/Users/Clasp/PycharmProjects/aapi_2025/data/raw/train/marge_simpson (125).jpg,marge_simpson
C:/Users/Clasp/PycharmProjects/aapi_2025/data/raw/train/marge_simpson (126).jpg,marge_simpson
C:/Users/Clasp/PycharmProjects/aapi_2025/data/raw/train/marge_simpson (127).jpg,marge_simpson
C:/Users/Clasp/PycharmProjects/aapi_2025/data/raw/train/marge_simpson (128).jpg,marge_simpson
C:/Users/Clasp/PycharmProjects/aapi_2025/data/raw/train/marge_simpson (129).jpg,marge_simpson
C:/Users/Clasp/PycharmProjects/aapi_2025/data/raw/train/marge_simpson (13).jpg,marge_simpson
C:/Users/Clasp/PycharmProjects/aapi_2025/data/raw/train/marge_simpson (130).jpg,marge_simpson
C:/Users/Clasp/PycharmProjects/aapi_2025/data/raw/train/marge_simpson (131).jpg,marge_simpson
C:/Users/Clasp/PycharmProjects/aapi_2025/data/raw/train/marge_simpson (14).jpg,marge_simpson
C:/Users/Clasp/PycharmProjects/aapi_2025/data/raw/train/marge_simpson (15).jpg,marge_simpson
C:/Users/Clasp/PycharmProjects/aapi_2025/data/raw/train/marge_simpson (16).jpg,marge_simpson
C:/Users/Clasp/PycharmProjects/aapi_2025/data/raw/train/marge_simpson (17).jpg,marge_simpson
C:/Users/Clasp/PycharmProjects/aapi_2025/data/raw/train/marge_simpson (18).jpg,marge_simpson
C:/Users/Clasp/PycharmProjects/aapi_2025/data/raw/train/marge_simpson (19).jpg,marge_simpson
C:/Users/Clasp/PycharmProjects/aapi_2025/data/raw/train/marge_simpson (2).jpg,marge_simpson
C:/Users/Clasp/PycharmProjects/aapi_2025/data/raw/train/marge_simpson (20).jpg,marge_simpson
C:/Users/Clasp/PycharmProjects/aapi_2025/data/raw/train/marge_simpson (21).jpg,marge_simpson
C:/Users/Clasp/PycharmProjects/aapi_2025/data/raw/train/marge_simpson (22).jpg,marge_simpson
C:/Users/Clasp/PycharmProjects/aapi_2025/data/raw/train/marge_simpson (23).jpg,marge_simpson
C:/Users/Clasp/PycharmProjects/aapi_2025/data/raw/train/marge_simpson (24).jpg,marge_simpson
C:/Users/Clasp/PycharmProjects/aapi_2025/data/raw/train/marge_simpson (25).jpg,marge_simpson
C:/Users/Clasp/PycharmProjects/aapi_2025/data/raw/train/marge_simpson (27).jpg,marge_simpson
C:/Users/Clasp/PycharmProjects/aapi_2025/data/raw/train/marge_simpson (28).jpg,marge_simpson
C:/Users/Clasp/PycharmProjects/aapi_2025/data/raw/train/marge_simpson (29).jpg,marge_simpson
C:/Users/Clasp/PycharmProjects/aapi_2025/data/raw/train/marge_simpson (3).jpg,marge_simpson
C:/Users/Clasp/PycharmProjects/aapi_2025/data/raw/train/marge_simpson (30).jpg,marge_simpson
C:/Users/Clasp/PycharmProjects/aapi_2025/data/raw/train/marge_simpson (31).jpg,marge_simpson
C:/Users/Clasp/PycharmProjects/aapi_2025/data/raw/train/marge_simpson (32).jpg,marge_simpson
C:/Users/Clasp/PycharmProjects/aapi_2025/data/raw/train/marge_simpson (34).jpg,marge_simpson
C:/Users/Clasp/PycharmProjects/aapi_2025/data/raw/train/marge_simpson (35).jpg,marge_simpson
C:/Users/Clasp/PycharmProjects/aapi_2025/data/raw/train/marge_simpson (36).jpg,marge_simpson
C:/Users/Clasp/PycharmProjects/aapi_2025/data/raw/train/marge_simpson (37).jpg,marge_simpson
C:/Users/Clasp/PycharmProjects/aapi_2025/data/raw/train/marge_simpson (38).jpg,marge_simpson
C:/Users/Clasp/PycharmProjects/aapi_2025/data/raw/train/marge_simpson (39).jpg,marge_simpson
C:/Users/Clasp/PycharmProjects/aapi_2025/data/raw/train/marge_simpson (4).jpg,marge_simpson
C:/Users/Clasp/PycharmProjects/aapi_2025/data/raw/train/marge_simpson (40).jpg,marge_simpson
C:/Users/Clasp/PycharmProjects/aapi_2025/data/raw/train/marge_simpson (41).jpg,marge_simpson
C:/Users/Clasp/PycharmProjects/aapi_2025/data/raw/train/marge_simpson (43).jpg,marge_simpson
C:/Users/Clasp/PycharmProjects/aapi_2025/data/raw/train/marge_simpson (44).jpg,marge_simpson
C:/Users/Clasp/PycharmProjects/aapi_2025/data/raw/train/marge_simpson (45).jpg,marge_simpson
C:/Users/Clasp/PycharmProjects/aapi_2025/data/raw/train/marge_simpson (46).jpg,marge_simpson
C:/Users/Clasp/PycharmProjects/aapi_2025/data/raw/train/marge_simpson (47).jpg,marge_simpson
C:/Users/Clasp/PycharmProjects/aapi_2025/data/raw/train/marge_simpson (48).jpg,marge_simpson
C:/Users/Clasp/PycharmProjects/aapi_2025/data/raw/train/marge_simpson (49).jpg,marge_simpson
C:/Users/Clasp/PycharmProjects/aapi_2025/data/raw/train/marge_simpson (5).jpg,marge_simpson
C:/Users/Clasp/PycharmProjects/aapi_2025/data/raw/train/marge_simpson (50).jpg,marge_simpson
C:/Users/Clasp/PycharmProjects/aapi_2025/data/raw/train/marge_simpson (51).jpg,marge_simpson
C:/Users/Clasp/PycharmProjects/aapi_2025/data/raw/train/marge_simpson (52).jpg,marge_simpson
C:/Users/Clasp/PycharmProjects/aapi_2025/data/raw/train/marge_simpson (53).jpg,marge_simpson
C:/Users/Clasp/PycharmProjects/aapi_2025/data/raw/train/marge_simpson (54).jpg,marge_simpson
C:/Users/Clasp/PycharmProjects/aapi_2025/data/raw/train/marge_simpson (55).jpg,marge_simpson
C:/Users/Clasp/PycharmProjects/aapi_2025/data/raw/train/marge_simpson (56).jpg,marge_simpson
C:/Users/Clasp/PycharmProjects/aapi_2025/data/raw/train/marge_simpson (57).jpg,marge_simpson
C:/Users/Clasp/PycharmProjects/aapi_2025/data/raw/train/marge_simpson (58).jpg,marge_simpson
C:/Users/Clasp/PycharmProjects/aapi_2025/data/raw/train/marge_simpson (59).jpg,marge_simpson
C:/Users/Clasp/PycharmProjects/aapi_2025/data/raw/train/marge_simpson (6).jpg,marge_simpson
C:/Users/Clasp/PycharmProjects/aapi_2025/data/raw/train/marge_simpson (60).jpg,marge_simpson
C:/Users/Clasp/PycharmProjects/aapi_2025/data/raw/train/marge_simpson (61).jpg,marge_simpson
C:/Users/Clasp/PycharmProjects/aapi_2025/data/raw/train/marge_simpson (62).jpg,marge_simpson
C:/Users/Clasp/PycharmProjects/aapi_2025/data/raw/train/marge_simpson (63).jpg,marge_simpson
C:/Users/Clasp/PycharmProjects/aapi_2025/data/raw/train/marge_simpson (64).jpg,marge_simpson
C:/Users/Clasp/PycharmProjects/aapi_2025/data/raw/train/marge_simpson (65).jpg,marge_simpson
C:/Users/Clasp/PycharmProjects/aapi_2025/data/raw/train/marge_simpson (66).jpg,marge_simpson
C:/Users/Clasp/PycharmProjects/aapi_2025/data/raw/train/marge_simpson (67).jpg,marge_simpson
C:/Users/Clasp/PycharmProjects/aapi_2025/data/raw/train/marge_simpson (68).jpg,marge_simpson
C:/Users/Clasp/PycharmProjects/aapi_2025/data/raw/train/marge_simpson (69).jpg,marge_simpson
C:/Users/Clasp/PycharmProjects/aapi_2025/data/raw/train/marge_simpson (7).jpg,marge_simpson
C:/Users/Clasp/PycharmProjects/aapi_2025/data/raw/train/marge_simpson (70).jpg,marge_simpson
C:/Users/Clasp/PycharmProjects/aapi_2025/data/raw/train/marge_simpson (71).jpg,marge_simpson
C:/Users/Clasp/PycharmProjects/aapi_2025/data/raw/train/marge_simpson (72).jpg,marge_simpson
C:/Users/Clasp/PycharmProjects/aapi_2025/data/raw/train/marge_simpson (73).jpg,marge_simpson
C:/Users/Clasp/PycharmProjects/aapi_2025/data/raw/train/marge_simpson (74).jpg,marge_simpson
C:/Users/Clasp/PycharmProjects/aapi_2025/data/raw/train/marge_simpson (75).jpg,marge_simpson
C:/Users/Clasp/PycharmProjects/aapi_2025/data/raw/train/marge_simpson (76).jpg,marge_simpson
C:/Users/Clasp/PycharmProjects/aapi_2025/data/raw/train/marge_simpson (77).jpg,marge_simpson
C:/Users/Clasp/PycharmProjects/aapi_2025/data/raw/train/marge_simpson (78).jpg,marge_simpson
C:/Users/Clasp/PycharmProjects/aapi_2025/data/raw/train/marge_simpson (79).jpg,marge_simpson
C:/Users/Clasp/PycharmProjects/aapi_2025/data/raw/train/marge_simpson (8).jpg,marge_simpson
C:/Users/Clasp/PycharmProjects/aapi_2025/data/raw/train/marge_simpson (80).jpg,marge_simpson
C:/Users/Clasp/PycharmProjects/aapi_2025/data/raw/train/marge_simpson (81).jpg,marge_simpson
C:/Users/Clasp/PycharmProjects/aapi_2025/data/raw/train/marge_simpson (82).jpg,marge_simpson
C:/Users/Clasp/PycharmProjects/aapi_2025/data/raw/train/marge_simpson (83).jpg,marge_simpson
C:/Users/Clasp/PycharmProjects/aapi_2025/data/raw/train/marge_simpson (84).jpg,marge_simpson
C:/Users/Clasp/PycharmProjects/aapi_2025/data/raw/train/marge_simpson (85).jpg,marge_simpson
C:/Users/Clasp/PycharmProjects/aapi_2025/data/raw/train/marge_simpson (86).jpg,marge_simpson
C:/Users/Clasp/PycharmProjects/aapi_2025/data/raw/train/marge_simpson (87).jpg,marge_simpson
C:/Users/Clasp/PycharmProjects/aapi_2025/data/raw/train/marge_simpson (88).jpg,marge_simpson
C:/Users/Clasp/PycharmProjects/aapi_2025/data/raw/train/marge_simpson (90).jpg,marge_simpson
C:/Users/Clasp/PycharmProjects/aapi_2025/data/raw/train/marge_simpson (91).jpg,marge_simpson
C:/Users/Clasp/PycharmProjects/aapi_2025/data/raw/train/marge_simpson (92).jpg,marge_simpson
C:/Users/Clasp/PycharmProjects/aapi_2025/data/raw/train/marge_simpson (93).jpg,marge_simpson
C:/Users/Clasp/PycharmProjects/aapi_2025/data/raw/train/marge_simpson (94).jpg,marge_simpson
C:/Users/Clasp/PycharmProjects/aapi_2025/data/raw/train/marge_simpson (95).jpg,marge_simpson
C:/Users/Clasp/PycharmProjects/aapi_2025/data/raw/train/marge_simpson (96).jpg,marge_simpson
C:/Users/Clasp/PycharmProjects/aapi_2025/data/raw/train/marge_simpson (97).jpg,marge_simpson
C:/Users/Clasp/PycharmProjects/aapi_2025/data/raw/train/marge_simpson (98).jpg,marge_simpson
C:/Users/Clasp/PycharmProjects/aapi_2025/data/raw/train/marge_simpson (99).jpg,marge_simpson
C:/Users/Clasp/PycharmProjects/aapi_2025/data/raw/train/ned_flanders (1).jpg,ned_flanders
C:/Users/Clasp/PycharmProjects/aapi_2025/data/raw/train/ned_flanders (10).jpg,ned_flanders
C:/Users/Clasp/PycharmProjects/aapi_2025/data/raw/train/ned_flanders (100).jpg,ned_flanders
C:/Users/Clasp/PycharmProjects/aapi_2025/data/raw/train/ned_flanders (101).jpg,ned_flanders
C:/Users/Clasp/PycharmProjects/aapi_2025/data/raw/train/ned_flanders (102).jpg,ned_flanders
C:/Users/Clasp/PycharmProjects/aapi_2025/data/raw/train/ned_flanders (103).jpg,ned_flanders
C:/Users/Clasp/PycharmProjects/aapi_2025/data/raw/train/ned_flanders (104).jpg,ned_flanders
C:/Users/Clasp/PycharmProjects/aapi_2025/data/raw/train/ned_flanders (105).jpg,ned_flanders
C:/Users/Clasp/PycharmProjects/aapi_2025/data/raw/train/ned_flanders (106).jpg,ned_flanders
C:/Users/Clasp/PycharmProjects/aapi_2025/data/raw/train/ned_flanders (107).jpg,ned_flanders
C:/Users/Clasp/PycharmProjects/aapi_2025/data/raw/train/ned_flanders (108).jpg,ned_flanders
C:/Users/Clasp/PycharmProjects/aapi_2025/data/raw/train/ned_flanders (109).jpg,ned_flanders
C:/Users/Clasp/PycharmProjects/aapi_2025/data/raw/train/ned_flanders (11).jpg,ned_flanders
C:/Users/Clasp/PycharmProjects/aapi_2025/data/raw/train/ned_flanders (111).jpg,ned_flanders
C:/Users/Clasp/PycharmProjects/aapi_2025/data/raw/train/ned_flanders (112).jpg,ned_flanders
C:/Users/Clasp/PycharmProjects/aapi_2025/data/raw/train/ned_flanders (113).jpg,ned_flanders
C:/Users/Clasp/PycharmProjects/aapi_2025/data/raw/train/ned_flanders (114).jpg,ned_flanders
C:/Users/Clasp/PycharmProjects/aapi_2025/data/raw/train/ned_flanders (115).jpg,ned_flanders
C:/Users/Clasp/PycharmProjects/aapi_2025/data/raw/train/ned_flanders (116).jpg,ned_flanders
C:/Users/Clasp/PycharmProjects/aapi_2025/data/raw/train/ned_flanders (117).jpg,ned_flanders
C:/Users/Clasp/PycharmProjects/aapi_2025/data/raw/train/ned_flanders (118).jpg,ned_flanders
C:/Users/Clasp/PycharmProjects/aapi_2025/data/raw/train/ned_flanders (119).jpg,ned_flanders
C:/Users/Clasp/PycharmProjects/aapi_2025/data/raw/train/ned_flanders (12).jpg,ned_flanders
C:/Users/Clasp/PycharmProjects/aapi_2025/data/raw/train/ned_flanders (120).jpg,ned_flanders
C:/Users/Clasp/PycharmProjects/aapi_2025/data/raw/train/ned_flanders (121).jpg,ned_flanders
C:/Users/Clasp/PycharmProjects/aapi_2025/data/raw/train/ned_flanders (122).jpg,ned_flanders
C:/Users/Clasp/PycharmProjects/aapi_2025/data/raw/train/ned_flanders (123).jpg,ned_flanders
C:/Users/Clasp/PycharmProjects/aapi_2025/data/raw/train/ned_flanders (124).jpg,ned_flanders
C:/Users/Clasp/PycharmProjects/aapi_2025/data/raw/train/ned_flanders (125).jpg,ned_flanders
C:/Users/Clasp/PycharmProjects/aapi_2025/data/raw/train/ned_flanders (126).jpg,ned_flanders
C:/Users/Clasp/PycharmProjects/aapi_2025/data/raw/train/ned_flanders (127).jpg,ned_flanders
C:/Users/Clasp/PycharmProjects/aapi_2025/data/raw/train/ned_flanders (128).jpg,ned_flanders
C:/Users/Clasp/PycharmProjects/aapi_2025/data/raw/train/ned_flanders (129).jpg,ned_flanders
C:/Users/Clasp/PycharmProjects/aapi_2025/data/raw/train/ned_flanders (13).jpg,ned_flanders
C:/Users/Clasp/PycharmProjects/aapi_2025/data/raw/train/ned_flanders (130).jpg,ned_flanders
C:/Users/Clasp/PycharmProjects/aapi_2025/data/raw/train/ned_flanders (131).jpg,ned_flanders
C:/Users/Clasp/PycharmProjects/aapi_2025/data/raw/train/ned_flanders (132).jpg,ned_flanders
C:/Users/Clasp/PycharmProjects/aapi_2025/data/raw/train/ned_flanders (133).jpg,ned_flanders
C:/Users/Clasp/PycharmProjects/aapi_2025/data/raw/train/ned_flanders (135).jpg,ned_flanders
C:/Users/Clasp/PycharmProjects/aapi_2025/data/raw/train/ned_flanders (14).jpg,ned_flanders
C:/Users/Clasp/PycharmProjects/aapi_2025/data/raw/train/ned_flanders (15).jpg,ned_flanders
C:/Users/Clasp/PycharmProjects/aapi_2025/data/raw/train/ned_flanders (16).jpg,ned_flanders
C:/Users/Clasp/PycharmProjects/aapi_2025/data/raw/train/ned_flanders (17).jpg,ned_flanders
C:/Users/Clasp/PycharmProjects/aapi_2025/data/raw/train/ned_flanders (18).jpg,ned_flanders
C:/Users/Clasp/PycharmProjects/aapi_2025/data/raw/train/ned_flanders (19).jpg,ned_flanders
C:/Users/Clasp/PycharmProjects/aapi_2025/data/raw/train/ned_flanders (2).jpg,ned_flanders
C:/Users/Clasp/PycharmProjects/aapi_2025/data/raw/train/ned_flanders (20).jpg,ned_flanders
C:/Users/Clasp/PycharmProjects/aapi_2025/data/raw/train/ned_flanders (21).jpg,ned_flanders
C:/Users/Clasp/PycharmProjects/aapi_2025/data/raw/train/ned_flanders (22).jpg,ned_flanders
C:/Users/Clasp/PycharmProjects/aapi_2025/data/raw/train/ned_flanders (23).jpg,ned_flanders
C:/Users/Clasp/PycharmProjects/aapi_2025/data/raw/train/ned_flanders (24).jpg,ned_flanders
C:/Users/Clasp/PycharmProjects/aapi_2025/data/raw/train/ned_flanders (25).jpg,ned_flanders
C:/Users/Clasp/PycharmProjects/aapi_2025/data/raw/train/ned_flanders (26).jpg,ned_flanders
C:/Users/Clasp/PycharmProjects/aapi_2025/data/raw/train/ned_flanders (27).jpg,ned_flanders
C:/Users/Clasp/PycharmProjects/aapi_2025/data/raw/train/ned_flanders (28).jpg,ned_flanders
C:/Users/Clasp/PycharmProjects/aapi_2025/data/raw/train/ned_flanders (29).jpg,ned_flanders
C:/Users/Clasp/PycharmProjects/aapi_2025/data/raw/train/ned_flanders (3).jpg,ned_flanders
C:/Users/Clasp/PycharmProjects/aapi_2025/data/raw/train/ned_flanders (30).jpg,ned_flanders
C:/Users/Clasp/PycharmProjects/aapi_2025/data/raw/train/ned_flanders (31).jpg,ned_flanders
C:/Users/Clasp/PycharmProjects/aapi_2025/data/raw/train/ned_flanders (32).jpg,ned_flanders
C:/Users/Clasp/PycharmProjects/aapi_2025/data/raw/train/ned_flanders (33).jpg,ned_flanders
C:/Users/Clasp/PycharmProjects/aapi_2025/data/raw/train/ned_flanders (34).jpg,ned_flanders
C:/Users/Clasp/PycharmProjects/aapi_2025/data/raw/train/ned_flanders (35).jpg,ned_flanders
C:/Users/Clasp/PycharmProjects/aapi_2025/data/raw/train/ned_flanders (36).jpg,ned_flanders
C:/Users/Clasp/PycharmProjects/aapi_2025/data/raw/train/ned_flanders (37).jpg,ned_flanders
C:/Users/Clasp/PycharmProjects/aapi_2025/data/raw/train/ned_flanders (38).jpg,ned_flanders
C:/Users/Clasp/PycharmProjects/aapi_2025/data/raw/train/ned_flanders (39).jpg,ned_flanders
C:/Users/Clasp/PycharmProjects/aapi_2025/data/raw/train/ned_flanders (4).jpg,ned_flanders
C:/Users/Clasp/PycharmProjects/aapi_2025/data/raw/train/ned_flanders (40).jpg,ned_flanders
C:/Users/Clasp/PycharmProjects/aapi_2025/data/raw/train/ned_flanders (41).jpg,ned_flanders
C:/Users/Clasp/PycharmProjects/aapi_2025/data/raw/train/ned_flanders (42).jpg,ned_flanders
C:/Users/Clasp/PycharmProjects/aapi_2025/data/raw/train/ned_flanders (43).jpg,ned_flanders
C:/Users/Clasp/PycharmProjects/aapi_2025/data/raw/train/ned_flanders (44).jpg,ned_flanders
C:/Users/Clasp/PycharmProjects/aapi_2025/data/raw/train/ned_flanders (45).jpg,ned_flanders
C:/Users/Clasp/PycharmProjects/aapi_2025/data/raw/train/ned_flanders (46).jpg,ned_flanders
C:/Users/Clasp/PycharmProjects/aapi_2025/data/raw/train/ned_flanders (47).jpg,ned_flanders
C:/Users/Clasp/PycharmProjects/aapi_2025/data/raw/train/ned_flanders (49).jpg,ned_flanders
C:/Users/Clasp/PycharmProjects/aapi_2025/data/raw/train/ned_flanders (5).jpg,ned_flanders
C:/Users/Clasp/PycharmProjects/aapi_2025/data/raw/train/ned_flanders (50).jpg,ned_flanders
C:/Users/Clasp/PycharmProjects/aapi_2025/data/raw/train/ned_flanders (51).jpg,ned_flanders
C:/Users/Clasp/PycharmProjects/aapi_2025/data/raw/train/ned_flanders (52).jpg,ned_flanders
C:/Users/Clasp/PycharmProjects/aapi_2025/data/raw/train/ned_flanders (53).jpg,ned_flanders
C:/Users/Clasp/PycharmProjects/aapi_2025/data/raw/train/ned_flanders (54).jpg,ned_flanders
C:/Users/Clasp/PycharmProjects/aapi_2025/data/raw/train/ned_flanders (55).jpg,ned_flanders
C:/Users/Clasp/PycharmProjects/aapi_2025/data/raw/train/ned_flanders (57).jpg,ned_flanders
C:/Users/Clasp/PycharmProjects/aapi_2025/data/raw/train/ned_flanders (58).jpg,ned_flanders
C:/Users/Clasp/PycharmProjects/aapi_2025/data/raw/train/ned_flanders (59).jpg,ned_flanders
C:/Users/Clasp/PycharmProjects/aapi_2025/data/raw/train/ned_flanders (6).jpg,ned_flanders
C:/Users/Clasp/PycharmProjects/aapi_2025/data/raw/train/ned_flanders (60).jpg,ned_flanders
C:/Users/Clasp/PycharmProjects/aapi_2025/data/raw/train/ned_flanders (61).jpg,ned_flanders
C:/Users/Clasp/PycharmProjects/aapi_2025/data/raw/train/ned_flanders (62).jpg,ned_flanders
C:/Users/Clasp/PycharmProjects/aapi_2025/data/raw/train/ned_flanders (63).jpg,ned_flanders
C:/Users/Clasp/PycharmProjects/aapi_2025/data/raw/train/ned_flanders (64).jpg,ned_flanders
C:/Users/Clasp/PycharmProjects/aapi_2025/data/raw/train/ned_flanders (65).jpg,ned_flanders
C:/Users/Clasp/PycharmProjects/aapi_2025/data/raw/train/ned_flanders (66).jpg,ned_flanders
C:/Users/Clasp/PycharmProjects/aapi_2025/data/raw/train/ned_flanders (67).jpg,ned_flanders
C:/Users/Clasp/PycharmProjects/aapi_2025/data/raw/train/ned_flanders (68).jpg,ned_flanders
C:/Users/Clasp/PycharmProjects/aapi_2025/data/raw/train/ned_flanders (69).jpg,ned_flanders
C:/Users/Clasp/PycharmProjects/aapi_2025/data/raw/train/ned_flanders (7).jpg,ned_flanders
C:/Users/Clasp/PycharmProjects/aapi_2025/data/raw/train/ned_flanders (70).jpg,ned_flanders
C:/Users/Clasp/PycharmProjects/aapi_2025/data/raw/train/ned_flanders (71).jpg,ned_flanders
C:/Users/Clasp/PycharmProjects/aapi_2025/data/raw/train/ned_flanders (72).jpg,ned_flanders
C:/Users/Clasp/PycharmProjects/aapi_2025/data/raw/train/ned_flanders (74).jpg,ned_flanders
C:/Users/Clasp/PycharmProjects/aapi_2025/data/raw/train/ned_flanders (75).jpg,ned_flanders
C:/Users/Clasp/PycharmProjects/aapi_2025/data/raw/train/ned_flanders (76).jpg,ned_flanders
C:/Users/Clasp/PycharmProjects/aapi_2025/data/raw/train/ned_flanders (77).jpg,ned_flanders
C:/Users/Clasp/PycharmProjects/aapi_2025/data/raw/train/ned_flanders (78).jpg,ned_flanders
C:/Users/Clasp/PycharmProjects/aapi_2025/data/raw/train/ned_flanders (79).jpg,ned_flanders
C:/Users/Clasp/PycharmProjects/aapi_2025/data/raw/train/ned_flanders (8).jpg,ned_flanders
C:/Users/Clasp/PycharmProjects/aapi_2025/data/raw/train/ned_flanders (80).jpg,ned_flanders
C:/Users/Clasp/PycharmProjects/aapi_2025/data/raw/train/ned_flanders (81).jpg,ned_flanders
C:/Users/Clasp/PycharmProjects/aapi_2025/data/raw/train/ned_flanders (82).jpg,ned_flanders
C:/Users/Clasp/PycharmProjects/aapi_2025/data/raw/train/ned_flanders (83).jpg,ned_flanders
C:/Users/Clasp/PycharmProjects/aapi_2025/data/raw/train/ned_flanders (84).jpg,ned_flanders
C:/Users/Clasp/PycharmProjects/aapi_2025/data/raw/train/ned_flanders (85).jpg,ned_flanders
C:/Users/Clasp/PycharmProjects/aapi_2025/data/raw/train/ned_flanders (86).jpg,ned_flanders
C:/Users/Clasp/PycharmProjects/aapi_2025/data/raw/train/ned_flanders (87).jpg,ned_flanders
C:/Users/Clasp/PycharmProjects/aapi_2025/data/raw/train/ned_flanders (88).jpg,ned_flanders
C:/Users/Clasp/PycharmProjects/aapi_2025/data/raw/train/ned_flanders (89).jpg,ned_flanders
C:/Users/Clasp/PycharmProjects/aapi_2025/data/raw/train/ned_flanders (9).jpg,ned_flanders
C:/Users/Clasp/PycharmProjects/aapi_2025/data/raw/train/ned_flanders (90).jpg,ned_flanders
C:/Users/Clasp/PycharmProjects/aapi_2025/data/raw/train/ned_flanders (91).jpg,ned_flanders
C:/Users/Clasp/PycharmProjects/aapi_2025/data/raw/train/ned_flanders (92).jpg,ned_flanders
C:/Users/Clasp/PycharmProjects/aapi_2025/data/raw/train/ned_flanders (93).jpg,ned_flanders
C:/Users/Clasp/PycharmProjects/aapi_2025/data/raw/train/ned_flanders (94).jpg,ned_flanders
C:/Users/Clasp/PycharmProjects/aapi_2025/data/raw/train/ned_flanders (95).jpg,ned_flanders
C:/Users/Clasp/PycharmProjects/aapi_2025/data/raw/train/ned_flanders (96).jpg,ned_flanders
C:/Users/Clasp/PycharmProjects/aapi_2025/data/raw/train/ned_flanders (97).jpg,ned_flanders
C:/Users/Clasp/PycharmProjects/aapi_2025/data/raw/train/ned_flanders (98).jpg,ned_flanders
C:/Users/Clasp/PycharmProjects/aapi_2025/data/raw/train/ned_flanders (99).jpg,ned_flanders
C:/Users/Clasp/PycharmProjects/aapi_2025/data/raw/train/nelson_muntz (1).jpg,nelson_muntz
C:/Users/Clasp/PycharmProjects/aapi_2025/data/raw/train/nelson_muntz (10).jpg,nelson_muntz
C:/Users/Clasp/PycharmProjects/aapi_2025/data/raw/train/nelson_muntz (100).jpg,nelson_muntz
C:/Users/Clasp/PycharmProjects/aapi_2025/data/raw/train/nelson_muntz (101).jpg,nelson_muntz
C:/Users/Clasp/PycharmProjects/aapi_2025/data/raw/train/nelson_muntz (102).jpg,nelson_muntz
C:/Users/Clasp/PycharmProjects/aapi_2025/data/raw/train/nelson_muntz (103).jpg,nelson_muntz
C:/Users/Clasp/PycharmProjects/aapi_2025/data/raw/train/nelson_muntz (104).jpg,nelson_muntz
C:/Users/Clasp/PycharmProjects/aapi_2025/data/raw/train/nelson_muntz (105).jpg,nelson_muntz
C:/Users/Clasp/PycharmProjects/aapi_2025/data/raw/train/nelson_muntz (106).jpg,nelson_muntz
C:/Users/Clasp/PycharmProjects/aapi_2025/data/raw/train/nelson_muntz (108).jpg,nelson_muntz
C:/Users/Clasp/PycharmProjects/aapi_2025/data/raw/train/nelson_muntz (109).jpg,nelson_muntz
C:/Users/Clasp/PycharmProjects/aapi_2025/data/raw/train/nelson_muntz (11).jpg,nelson_muntz
C:/Users/Clasp/PycharmProjects/aapi_2025/data/raw/train/nelson_muntz (110).jpg,nelson_muntz
C:/Users/Clasp/PycharmProjects/aapi_2025/data/raw/train/nelson_muntz (112).jpg,nelson_muntz
C:/Users/Clasp/PycharmProjects/aapi_2025/data/raw/train/nelson_muntz (113).jpg,nelson_muntz
C:/Users/Clasp/PycharmProjects/aapi_2025/data/raw/train/nelson_muntz (114).jpg,nelson_muntz
C:/Users/Clasp/PycharmProjects/aapi_2025/data/raw/train/nelson_muntz (115).jpg,nelson_muntz
C:/Users/Clasp/PycharmProjects/aapi_2025/data/raw/train/nelson_muntz (116).jpg,nelson_muntz
C:/Users/Clasp/PycharmProjects/aapi_2025/data/raw/train/nelson_muntz (117).jpg,nelson_muntz
C:/Users/Clasp/PycharmProjects/aapi_2025/data/raw/train/nelson_muntz (118).jpg,nelson_muntz
C:/Users/Clasp/PycharmProjects/aapi_2025/data/raw/train/nelson_muntz (119).jpg,nelson_muntz
C:/Users/Clasp/PycharmProjects/aapi_2025/data/raw/train/nelson_muntz (12).jpg,nelson_muntz
C:/Users/Clasp/PycharmProjects/aapi_2025/data/raw/train/nelson_muntz (120).jpg,nelson_muntz
C:/Users/Clasp/PycharmProjects/aapi_2025/data/raw/train/nelson_muntz (13).jpg,nelson_muntz
C:/Users/Clasp/PycharmProjects/aapi_2025/data/raw/train/nelson_muntz (14).jpg,nelson_muntz
C:/Users/Clasp/PycharmProjects/aapi_2025/data/raw/train/nelson_muntz (15).jpg,nelson_muntz
C:/Users/Clasp/PycharmProjects/aapi_2025/data/raw/train/nelson_muntz (16).jpg,nelson_muntz
C:/Users/Clasp/PycharmProjects/aapi_2025/data/raw/train/nelson_muntz (17).jpg,nelson_muntz
C:/Users/Clasp/PycharmProjects/aapi_2025/data/raw/train/nelson_muntz (18).jpg,nelson_muntz
C:/Users/Clasp/PycharmProjects/aapi_2025/data/raw/train/nelson_muntz (19).jpg,nelson_muntz
C:/Users/Clasp/PycharmProjects/aapi_2025/data/raw/train/nelson_muntz (2).jpg,nelson_muntz
C:/Users/Clasp/PycharmProjects/aapi_2025/data/raw/train/nelson_muntz (20).jpg,nelson_muntz
C:/Users/Clasp/PycharmProjects/aapi_2025/data/raw/train/nelson_muntz (21).jpg,nelson_muntz
C:/Users/Clasp/PycharmProjects/aapi_2025/data/raw/train/nelson_muntz (23).jpg,nelson_muntz
C:/Users/Clasp/PycharmProjects/aapi_2025/data/raw/train/nelson_muntz (24).jpg,nelson_muntz
C:/Users/Clasp/PycharmProjects/aapi_2025/data/raw/train/nelson_muntz (25).jpg,nelson_muntz
C:/Users/Clasp/PycharmProjects/aapi_2025/data/raw/train/nelson_muntz (26).jpg,nelson_muntz
C:/Users/Clasp/PycharmProjects/aapi_2025/data/raw/train/nelson_muntz (27).jpg,nelson_muntz
C:/Users/Clasp/PycharmProjects/aapi_2025/data/raw/train/nelson_muntz (28).jpg,nelson_muntz
C:/Users/Clasp/PycharmProjects/aapi_2025/data/raw/train/nelson_muntz (29).jpg,nelson_muntz
C:/Users/Clasp/PycharmProjects/aapi_2025/data/raw/train/nelson_muntz (3).jpg,nelson_muntz
C:/Users/Clasp/PycharmProjects/aapi_2025/data/raw/train/nelson_muntz (30).jpg,nelson_muntz
C:/Users/Clasp/PycharmProjects/aapi_2025/data/raw/train/nelson_muntz (31).jpg,nelson_muntz
C:/Users/Clasp/PycharmProjects/aapi_2025/data/raw/train/nelson_muntz (32).jpg,nelson_muntz
C:/Users/Clasp/PycharmProjects/aapi_2025/data/raw/train/nelson_muntz (33).jpg,nelson_muntz
C:/Users/Clasp/PycharmProjects/aapi_2025/data/raw/train/nelson_muntz (35).jpg,nelson_muntz
C:/Users/Clasp/PycharmProjects/aapi_2025/data/raw/train/nelson_muntz (36).jpg,nelson_muntz
C:/Users/Clasp/PycharmProjects/aapi_2025/data/raw/train/nelson_muntz (37).jpg,nelson_muntz
C:/Users/Clasp/PycharmProjects/aapi_2025/data/raw/train/nelson_muntz (38).jpg,nelson_muntz
C:/Users/Clasp/PycharmProjects/aapi_2025/data/raw/train/nelson_muntz (39).jpg,nelson_muntz
C:/Users/Clasp/PycharmProjects/aapi_2025/data/raw/train/nelson_muntz (4).jpg,nelson_muntz
C:/Users/Clasp/PycharmProjects/aapi_2025/data/raw/train/nelson_muntz (40).jpg,nelson_muntz
C:/Users/Clasp/PycharmProjects/aapi_2025/data/raw/train/nelson_muntz (41).jpg,nelson_muntz
C:/Users/Clasp/PycharmProjects/aapi_2025/data/raw/train/nelson_muntz (42).jpg,nelson_muntz
C:/Users/Clasp/PycharmProjects/aapi_2025/data/raw/train/nelson_muntz (43).jpg,nelson_muntz
C:/Users/Clasp/PycharmProjects/aapi_2025/data/raw/train/nelson_muntz (44).jpg,nelson_muntz
C:/Users/Clasp/PycharmProjects/aapi_2025/data/raw/train/nelson_muntz (45).jpg,nelson_muntz
C:/Users/Clasp/PycharmProjects/aapi_2025/data/raw/train/nelson_muntz (46).jpg,nelson_muntz
C:/Users/Clasp/PycharmProjects/aapi_2025/data/raw/train/nelson_muntz (47).jpg,nelson_muntz
C:/Users/Clasp/PycharmProjects/aapi_2025/data/raw/train/nelson_muntz (48).jpg,nelson_muntz
C:/Users/Clasp/PycharmProjects/aapi_2025/data/raw/train/nelson_muntz (5).jpg,nelson_muntz
C:/Users/Clasp/PycharmProjects/aapi_2025/data/raw/train/nelson_muntz (50).jpg,nelson_muntz
C:/Users/Clasp/PycharmProjects/aapi_2025/data/raw/train/nelson_muntz (51).jpg,nelson_muntz
C:/Users/Clasp/PycharmProjects/aapi_2025/data/raw/train/nelson_muntz (52).jpg,nelson_muntz
C:/Users/Clasp/PycharmProjects/aapi_2025/data/raw/train/nelson_muntz (53).jpg,nelson_muntz
C:/Users/Clasp/PycharmProjects/aapi_2025/data/raw/train/nelson_muntz (54).jpg,nelson_muntz
C:/Users/Clasp/PycharmProjects/aapi_2025/data/raw/train/nelson_muntz (55).jpg,nelson_muntz
C:/Users/Clasp/PycharmProjects/aapi_2025/data/raw/train/nelson_muntz (56).jpg,nelson_muntz
C:/Users/Clasp/PycharmProjects/aapi_2025/data/raw/train/nelson_muntz (57).jpg,nelson_muntz
C:/Users/Clasp/PycharmProjects/aapi_2025/data/raw/train/nelson_muntz (58).jpg,nelson_muntz
C:/Users/Clasp/PycharmProjects/aapi_2025/data/raw/train/nelson_muntz (59).jpg,nelson_muntz
C:/Users/Clasp/PycharmProjects/aapi_2025/data/raw/train/nelson_muntz (6).jpg,nelson_muntz
C:/Users/Clasp/PycharmProjects/aapi_2025/data/raw/train/nelson_muntz (60).jpg,nelson_muntz
C:/Users/Clasp/PycharmProjects/aapi_2025/data/raw/train/nelson_muntz (61).jpg,nelson_muntz
C:/Users/Clasp/PycharmProjects/aapi_2025/data/raw/train/nelson_muntz (62).jpg,nelson_muntz
C:/Users/Clasp/PycharmProjects/aapi_2025/data/raw/train/nelson_muntz (63).jpg,nelson_muntz
C:/Users/Clasp/PycharmProjects/aapi_2025/data/raw/train/nelson_muntz (64).jpg,nelson_muntz
C:/Users/Clasp/PycharmProjects/aapi_2025/data/raw/train/nelson_muntz (65).jpg,nelson_muntz
C:/Users/Clasp/PycharmProjects/aapi_2025/data/raw/train/nelson_muntz (66).jpg,nelson_muntz
C:/Users/Clasp/PycharmProjects/aapi_2025/data/raw/train/nelson_muntz (68).jpg,nelson_muntz
C:/Users/Clasp/PycharmProjects/aapi_2025/data/raw/train/nelson_muntz (69).jpg,nelson_muntz
C:/Users/Clasp/PycharmProjects/aapi_2025/data/raw/train/nelson_muntz (7).jpg,nelson_muntz
C:/Users/Clasp/PycharmProjects/aapi_2025/data/raw/train/nelson_muntz (70).jpg,nelson_muntz
C:/Users/Clasp/PycharmProjects/aapi_2025/data/raw/train/nelson_muntz (71).jpg,nelson_muntz
C:/Users/Clasp/PycharmProjects/aapi_2025/data/raw/train/nelson_muntz (72).jpg,nelson_muntz
C:/Users/Clasp/PycharmProjects/aapi_2025/data/raw/train/nelson_muntz (73).jpg,nelson_muntz
C:/Users/Clasp/PycharmProjects/aapi_2025/data/raw/train/nelson_muntz (74).jpg,nelson_muntz
C:/Users/Clasp/PycharmProjects/aapi_2025/data/raw/train/nelson_muntz (75).jpg,nelson_muntz
C:/Users/Clasp/PycharmProjects/aapi_2025/data/raw/train/nelson_muntz (76).jpg,nelson_muntz
C:/Users/Clasp/PycharmProjects/aapi_2025/data/raw/train/nelson_muntz (77).jpg,nelson_muntz
C:/Users/Clasp/PycharmProjects/aapi_2025/data/raw/train/nelson_muntz (78).jpg,nelson_muntz
C:/Users/Clasp/PycharmProjects/aapi_2025/data/raw/train/nelson_muntz (79).jpg,nelson_muntz
C:/Users/Clasp/PycharmProjects/aapi_2025/data/raw/train/nelson_muntz (8).jpg,nelson_muntz
C:/Users/Clasp/PycharmProjects/aapi_2025/data/raw/train/nelson_muntz (80).jpg,nelson_muntz
C:/Users/Clasp/PycharmProjects/aapi_2025/data/raw/train/nelson_muntz (81).jpg,nelson_muntz
C:/Users/Clasp/PycharmProjects/aapi_2025/data/raw/train/nelson_muntz (82).jpg,nelson_muntz
C:/Users/Clasp/PycharmProjects/aapi_2025/data/raw/train/nelson_muntz (83).jpg,nelson_muntz
C:/Users/Clasp/PycharmProjects/aapi_2025/data/raw/train/nelson_muntz (84).jpg,nelson_muntz
C:/Users/Clasp/PycharmProjects/aapi_2025/data/raw/train/nelson_muntz (85).jpg,nelson_muntz
C:/Users/Clasp/PycharmProjects/aapi_2025/data/raw/train/nelson_muntz (86).jpg,nelson_muntz
C:/Users/Clasp/PycharmProjects/aapi_2025/data/raw/train/nelson_muntz (87).jpg,nelson_muntz
C:/Users/Clasp/PycharmProjects/aapi_2025/data/raw/train/nelson_muntz (88).jpg,nelson_muntz
C:/Users/Clasp/PycharmProjects/aapi_2025/data/raw/train/nelson_muntz (89).jpg,nelson_muntz
C:/Users/Clasp/PycharmProjects/aapi_2025/data/raw/train/nelson_muntz (9).jpg,nelson_muntz
C:/Users/Clasp/PycharmProjects/aapi_2025/data/raw/train/nelson_muntz (90).jpg,nelson_muntz
C:/Users/Clasp/PycharmProjects/aapi_2025/data/raw/train/nelson_muntz (91).jpg,nelson_muntz
C:/Users/Clasp/PycharmProjects/aapi_2025/data/raw/train/nelson_muntz (92).jpg,nelson_muntz
C:/Users/Clasp/PycharmProjects/aapi_2025/data/raw/train/nelson_muntz (93).jpg,nelson_muntz
C:/Users/Clasp/PycharmProjects/aapi_2025/data/raw/train/nelson_muntz (94).jpg,nelson_muntz
C:/Users/Clasp/PycharmProjects/aapi_2025/data/raw/train/nelson_muntz (95).jpg,nelson_muntz
C:/Users/Clasp/PycharmProjects/aapi_2025/data/raw/train/nelson_muntz (96).jpg,nelson_muntz
C:/Users/Clasp/PycharmProjects/aapi_2025/data/raw/train/nelson_muntz (97).jpg,nelson_muntz
C:/Users/Clasp/PycharmProjects/aapi_2025/data/raw/train/nelson_muntz (98).jpg,nelson_muntz
C:/Users/Clasp/PycharmProjects/aapi_2025/data/raw/train/nelson_muntz (99).jpg,nelson_muntz
